"key","scientificName","decimalLatitude","decimalLongitude","issues","datasetKey","publishingOrgKey","networkKeys","installationKey","hostingOrganizationKey","publishingCountry","protocol","lastCrawled","lastParsed","crawlId","basisOfRecord","occurrenceStatus","taxonKey","kingdomKey","phylumKey","classKey","orderKey","familyKey","genusKey","speciesKey","acceptedTaxonKey","acceptedScientificName","kingdom","phylum","order","family","genus","species","genericName","specificEpithet","taxonRank","taxonomicStatus","iucnRedListCategory","continent","year","month","day","eventDate","startDayOfYear","endDayOfYear","lastInterpreted","license","isSequenced","identifier","facts","relations","institutionKey","collectionKey","isInCluster","recordedBy","geodeticDatum","class","countryCode","recordedByIDs","identifiedByIDs","gbifRegion","country","publishedByGbifRegion","rightsHolder","recordNumber","identifier.1","catalogNumber","nomenclaturalCode","institutionID","locality","collectionCode","gbifID","occurrenceID","higherClassification","name","stateProvince","otherCatalogNumbers","verbatimElevation","dateIdentified","identifiedBy","habitat","gadm","taxonID"
"2515138149","Aglaia aspera Teijsm. & Binn.",-1.15,132.48333,"","15f819bd-6612-4447-854b-14d12ee1022d","396d5f30-dea9-11db-8ab4-b8a03c50a862","17abcf75-2f1e-46dd-bf75-a5b21dd02655","65eb93af-41b8-4917-a5fc-cfe2a45aa4bf","396d5f30-dea9-11db-8ab4-b8a03c50a862","NL","DWC_ARCHIVE","2024-11-01T08:50:07.799+00:00","2024-11-01T10:27:34.195+00:00",274,"PRESERVED_SPECIMEN","PRESENT",5597954,6,7707728,220,933,2397,3190479,5597979,5597979,"Aglaia sexipetala Griff.","Plantae","Tracheophyta","Sapindales","Meliaceae","Aglaia","Aglaia sexipetala","Aglaia","aspera","SPECIES","SYNONYM","NE","ASIA",1995,8,11,"1995-08-11",223,223,"2024-11-01T10:27:34.195+00:00","http://creativecommons.org/publicdomain/zero/1.0/legalcode",FALSE,"L.3903227@BRAHMS","none","none","0e919a55-08d3-4bd2-aec1-200858fafd92","0add23db-a8f7-4d15-95ad-4ed0c5c8a055",FALSE,"Polak AM","WGS84","Magnoliopsida","ID","none","none","ASIA","Indonesia","EUROPE","Naturalis Biodiversity Center","Polak, AM 786","L.3903227@BRAHMS","L.3903227","ICN","https://ror.org/0566bfb96","The Bird's Head Peninsula, Irian Jaya, Surroundings of Ayawasi.","Botany","2515138149","https://data.biodiversitydata.nl/naturalis/specimen/L.3903227","Plantae|Sapindales|Meliaceae","Aglaia aspera Teijsm. & Binn.",NA,NA,NA,NA,NA,NA,NA,NA
"2517138364","Aglaia aspera Teijsm. & Binn.",-1.15,132.48333,"","15f819bd-6612-4447-854b-14d12ee1022d","396d5f30-dea9-11db-8ab4-b8a03c50a862","17abcf75-2f1e-46dd-bf75-a5b21dd02655","65eb93af-41b8-4917-a5fc-cfe2a45aa4bf","396d5f30-dea9-11db-8ab4-b8a03c50a862","NL","DWC_ARCHIVE","2024-11-01T08:50:07.799+00:00","2024-11-01T10:27:31.555+00:00",274,"PRESERVED_SPECIMEN","PRESENT",5597954,6,7707728,220,933,2397,3190479,5597979,5597979,"Aglaia sexipetala Griff.","Plantae","Tracheophyta","Sapindales","Meliaceae","Aglaia","Aglaia sexipetala","Aglaia","aspera","SPECIES","SYNONYM","NE","ASIA",1995,8,11,"1995-08-11",223,223,"2024-11-01T10:27:31.555+00:00","http://creativecommons.org/publicdomain/zero/1.0/legalcode",FALSE,"L.3903228@BRAHMS","none","none","0e919a55-08d3-4bd2-aec1-200858fafd92","0add23db-a8f7-4d15-95ad-4ed0c5c8a055",FALSE,"Polak AM","WGS84","Magnoliopsida","ID","none","none","ASIA","Indonesia","EUROPE","Naturalis Biodiversity Center","Polak, AM 786","L.3903228@BRAHMS","L.3903228","ICN","https://ror.org/0566bfb96","The Bird's Head Peninsula, Irian Jaya, Surroundings of Ayawasi.","Botany","2517138364","https://data.biodiversitydata.nl/naturalis/specimen/L.3903228","Plantae|Sapindales|Meliaceae","Aglaia aspera Teijsm. & Binn.",NA,NA,NA,NA,NA,NA,NA,NA
"2515793984","Aglaia aspera Teijsm. & Binn.",4.55,115.13333,"","15f819bd-6612-4447-854b-14d12ee1022d","396d5f30-dea9-11db-8ab4-b8a03c50a862","17abcf75-2f1e-46dd-bf75-a5b21dd02655","65eb93af-41b8-4917-a5fc-cfe2a45aa4bf","396d5f30-dea9-11db-8ab4-b8a03c50a862","NL","DWC_ARCHIVE","2024-11-01T08:50:07.799+00:00","2024-11-01T10:27:04.891+00:00",274,"PRESERVED_SPECIMEN","PRESENT",5597954,6,7707728,220,933,2397,3190479,5597979,5597979,"Aglaia sexipetala Griff.","Plantae","Tracheophyta","Sapindales","Meliaceae","Aglaia","Aglaia sexipetala","Aglaia","aspera","SPECIES","SYNONYM","NE","ASIA",1994,1,23,"1994-01-23",23,23,"2024-11-01T10:27:04.891+00:00","http://creativecommons.org/publicdomain/zero/1.0/legalcode",FALSE,"L.2134341@BRAHMS","none","none","0e919a55-08d3-4bd2-aec1-200858fafd92","0add23db-a8f7-4d15-95ad-4ed0c5c8a055",FALSE,"Kirkup DW; Coode MJE; Dransfield J","WGS84","Magnoliopsida","BN","none","none","ASIA","Brunei Darussalam","EUROPE","Naturalis Biodiversity Center","Kirkup, DW; Coode, MJE; Dransfield, J 906","L.2134341@BRAHMS","L.2134341","ICN","https://ror.org/0566bfb96","Borneo Temburong Ulu Belalong","Botany","2515793984","https://data.biodiversitydata.nl/naturalis/specimen/L.2134341","Plantae|Sapindales|Meliaceae","Aglaia aspera Teijsm. & Binn.","Borneo","L  0499480","0.0 m",NA,NA,NA,NA,NA
"2515796614","Aglaia aspera Teijsm. & Binn.",4.3,114.43333,"","15f819bd-6612-4447-854b-14d12ee1022d","396d5f30-dea9-11db-8ab4-b8a03c50a862","17abcf75-2f1e-46dd-bf75-a5b21dd02655","65eb93af-41b8-4917-a5fc-cfe2a45aa4bf","396d5f30-dea9-11db-8ab4-b8a03c50a862","NL","DWC_ARCHIVE","2024-11-01T08:50:07.799+00:00","2024-11-01T10:28:39.745+00:00",274,"PRESERVED_SPECIMEN","PRESENT",5597954,6,7707728,220,933,2397,3190479,5597979,5597979,"Aglaia sexipetala Griff.","Plantae","Tracheophyta","Sapindales","Meliaceae","Aglaia","Aglaia sexipetala","Aglaia","aspera","SPECIES","SYNONYM","NE","ASIA",1991,12,6,"1991-12-06",340,340,"2024-11-01T10:28:39.745+00:00","http://creativecommons.org/publicdomain/zero/1.0/legalcode",FALSE,"L.2134358@BRAHMS","none","none","0e919a55-08d3-4bd2-aec1-200858fafd92","0add23db-a8f7-4d15-95ad-4ed0c5c8a055",FALSE,"Coode MJE; Kirkup DW; et al.","WGS84","Magnoliopsida","BN","none","none","ASIA","Brunei Darussalam","EUROPE","Naturalis Biodiversity Center","Coode, MJE; Kirkup, DW; et al. 6955","L.2134358@BRAHMS","L.2134358","ICN","https://ror.org/0566bfb96","Brunei Borneo Belait Teraja, Bukit","Botany","2515796614","https://data.biodiversitydata.nl/naturalis/specimen/L.2134358","Plantae|Sapindales|Meliaceae","Aglaia aspera Teijsm. & Binn.","Borneo","L  0498692","280.0 m",NA,NA,NA,NA,NA
"2515793725","Aglaia aspera Teijsm. & Binn.",-1.16667,113.16667,"","15f819bd-6612-4447-854b-14d12ee1022d","396d5f30-dea9-11db-8ab4-b8a03c50a862","17abcf75-2f1e-46dd-bf75-a5b21dd02655","65eb93af-41b8-4917-a5fc-cfe2a45aa4bf","396d5f30-dea9-11db-8ab4-b8a03c50a862","NL","DWC_ARCHIVE","2024-11-01T08:50:07.799+00:00","2024-11-01T10:28:39.861+00:00",274,"PRESERVED_SPECIMEN","PRESENT",5597954,6,7707728,220,933,2397,3190479,5597979,5597979,"Aglaia sexipetala Griff.","Plantae","Tracheophyta","Sapindales","Meliaceae","Aglaia","Aglaia sexipetala","Aglaia","aspera","SPECIES","SYNONYM","NE","ASIA",1983,1,24,"1983-01-24",24,24,"2024-11-01T10:28:39.861+00:00","http://creativecommons.org/publicdomain/zero/1.0/legalcode",FALSE,"L.2134362@BRAHMS","none","none","0e919a55-08d3-4bd2-aec1-200858fafd92","0add23db-a8f7-4d15-95ad-4ed0c5c8a055",FALSE,"Wiriadinata H","WGS84","Magnoliopsida","ID","none","none","ASIA","Indonesia","EUROPE","Naturalis Biodiversity Center","Wiriadinata, H 3405","L.2134362@BRAHMS","L.2134362","ICN","https://ror.org/0566bfb96","Timbang Tapi, Bukit Raya","Botany","2515793725","https://data.biodiversitydata.nl/naturalis/specimen/L.2134362","Plantae|Sapindales|Meliaceae","Aglaia aspera Teijsm. & Binn.","Borneo","L  0563162","100.0 m","1989-04-11T00:00:00","Pannell CM","Disturbed Dipterocarp forest",NA,NA
"2515791584","Aglaia aspera Teijsm. & Binn.",1.0333,111.3833,"","15f819bd-6612-4447-854b-14d12ee1022d","396d5f30-dea9-11db-8ab4-b8a03c50a862","17abcf75-2f1e-46dd-bf75-a5b21dd02655","65eb93af-41b8-4917-a5fc-cfe2a45aa4bf","396d5f30-dea9-11db-8ab4-b8a03c50a862","NL","DWC_ARCHIVE","2024-11-01T08:50:07.799+00:00","2024-11-01T10:27:04.132+00:00",274,"PRESERVED_SPECIMEN","PRESENT",5597954,6,7707728,220,933,2397,3190479,5597979,5597979,"Aglaia sexipetala Griff.","Plantae","Tracheophyta","Sapindales","Meliaceae","Aglaia","Aglaia sexipetala","Aglaia","aspera","SPECIES","SYNONYM","NE","ASIA",1983,4,4,"1983-04-04",94,94,"2024-11-01T10:27:04.132+00:00","http://creativecommons.org/publicdomain/zero/1.0/legalcode",FALSE,"L.2134337@BRAHMS","none","none","0e919a55-08d3-4bd2-aec1-200858fafd92","0add23db-a8f7-4d15-95ad-4ed0c5c8a055",FALSE,"Awa D; Paie I bin","WGS84","Magnoliopsida","MY","none","none","ASIA","Malaysia","EUROPE","Naturalis Biodiversity Center","Awa, D; Paie, I bin S 45286","L.2134337@BRAHMS","L.2134337","ICN","https://ror.org/0566bfb96","Bukit Rawan, Tebakabg area, 1st Div.","Botany","2515791584","https://data.biodiversitydata.nl/naturalis/specimen/L.2134337","Plantae|Sapindales|Meliaceae","Aglaia aspera Teijsm. & Binn.","Borneo","L  0563152","630.0 m",NA,NA,NA,NA,NA
"2515796774","Aglaia aspera Teijsm. & Binn.",1.0333,111.3833,"","15f819bd-6612-4447-854b-14d12ee1022d","396d5f30-dea9-11db-8ab4-b8a03c50a862","17abcf75-2f1e-46dd-bf75-a5b21dd02655","65eb93af-41b8-4917-a5fc-cfe2a45aa4bf","396d5f30-dea9-11db-8ab4-b8a03c50a862","NL","DWC_ARCHIVE","2024-11-01T08:50:07.799+00:00","2024-11-01T10:28:39.446+00:00",274,"PRESERVED_SPECIMEN","PRESENT",5597954,6,7707728,220,933,2397,3190479,5597979,5597979,"Aglaia sexipetala Griff.","Plantae","Tracheophyta","Sapindales","Meliaceae","Aglaia","Aglaia sexipetala","Aglaia","aspera","SPECIES","SYNONYM","NE","ASIA",1983,4,4,"1983-04-04",94,94,"2024-11-01T10:28:39.446+00:00","http://creativecommons.org/publicdomain/zero/1.0/legalcode",FALSE,"L.2134338@BRAHMS","none","none","0e919a55-08d3-4bd2-aec1-200858fafd92","0add23db-a8f7-4d15-95ad-4ed0c5c8a055",FALSE,"Awa D; Paie I bin","WGS84","Magnoliopsida","MY","none","none","ASIA","Malaysia","EUROPE","Naturalis Biodiversity Center","Awa, D; Paie, I bin S 45286","L.2134338@BRAHMS","L.2134338","ICN","https://ror.org/0566bfb96","Bukit Rawan, Tebakabg area, 1st Div.","Botany","2515796774","https://data.biodiversitydata.nl/naturalis/specimen/L.2134338","Plantae|Sapindales|Meliaceae","Aglaia aspera Teijsm. & Binn.","Borneo","L  0563151","630.0 m",NA,NA,NA,NA,NA
"2515791466","Aglaia aspera Teijsm. & Binn.",5.8875,117.525,"","15f819bd-6612-4447-854b-14d12ee1022d","396d5f30-dea9-11db-8ab4-b8a03c50a862","17abcf75-2f1e-46dd-bf75-a5b21dd02655","65eb93af-41b8-4917-a5fc-cfe2a45aa4bf","396d5f30-dea9-11db-8ab4-b8a03c50a862","NL","DWC_ARCHIVE","2024-11-01T08:50:07.799+00:00","2024-11-01T10:27:04.598+00:00",274,"PRESERVED_SPECIMEN","PRESENT",5597954,6,7707728,220,933,2397,3190479,5597979,5597979,"Aglaia sexipetala Griff.","Plantae","Tracheophyta","Sapindales","Meliaceae","Aglaia","Aglaia sexipetala","Aglaia","aspera","SPECIES","SYNONYM","NE","ASIA",1983,7,8,"1983-07-08",189,189,"2024-11-01T10:27:04.598+00:00","http://creativecommons.org/publicdomain/zero/1.0/legalcode",FALSE,"L.2134363@BRAHMS","none","none","0e919a55-08d3-4bd2-aec1-200858fafd92","0add23db-a8f7-4d15-95ad-4ed0c5c8a055",FALSE,"Gibot A","WGS84","Magnoliopsida","MY","none","none","ASIA","Malaysia","EUROPE","Naturalis Biodiversity Center","Gibot, A SAN 97645","L.2134363@BRAHMS","L.2134363","ICN","https://ror.org/0566bfb96","Sg Kiboribi, Labuk/Sugut distr.","Botany","2515791466","https://data.biodiversitydata.nl/naturalis/specimen/L.2134363","Plantae|Sapindales|Meliaceae","Aglaia aspera Teijsm. & Binn.","Borneo","L  0563161",NA,"1989-04-11T00:00:00","Pannell CM","Side of tractor path, on hill side","none",NA
"2514268743","Aglaia aspera Teijsm. & Binn.",3,113.9,"","15f819bd-6612-4447-854b-14d12ee1022d","396d5f30-dea9-11db-8ab4-b8a03c50a862","17abcf75-2f1e-46dd-bf75-a5b21dd02655","65eb93af-41b8-4917-a5fc-cfe2a45aa4bf","396d5f30-dea9-11db-8ab4-b8a03c50a862","NL","DWC_ARCHIVE","2024-11-01T08:50:07.799+00:00","2024-11-01T10:28:39.862+00:00",274,"PRESERVED_SPECIMEN","PRESENT",5597954,6,7707728,220,933,2397,3190479,5597979,5597979,"Aglaia sexipetala Griff.","Plantae","Tracheophyta","Sapindales","Meliaceae","Aglaia","Aglaia sexipetala","Aglaia","aspera","SPECIES","SYNONYM","NE","ASIA",1981,10,22,"1981-10-22",295,295,"2024-11-01T10:28:39.862+00:00","http://creativecommons.org/publicdomain/zero/1.0/legalcode",FALSE,"L.2134366@BRAHMS","none","none","0e919a55-08d3-4bd2-aec1-200858fafd92","0add23db-a8f7-4d15-95ad-4ed0c5c8a055",FALSE,"Ismawi O","WGS84","Magnoliopsida","MY","none","none","ASIA","Malaysia","EUROPE","Naturalis Biodiversity Center","Ismawi, O S 43370","L.2134366@BRAHMS","L.2134366","ICN","https://ror.org/0566bfb96","Ulu Sg. Semawat, Belaga, 7th Division.","Botany","2514268743","https://data.biodiversitydata.nl/naturalis/specimen/L.2134366","Plantae|Sapindales|Meliaceae","Aglaia aspera Teijsm. & Binn.","Borneo","L  0563158",NA,"1989-04-12T00:00:00","Pannell CM","On side slope of Mixed Dipterocarp Forest.",NA,NA
"2515796574","Aglaia aspera Teijsm. & Binn.",-3.63333,143.16667,"","15f819bd-6612-4447-854b-14d12ee1022d","396d5f30-dea9-11db-8ab4-b8a03c50a862","17abcf75-2f1e-46dd-bf75-a5b21dd02655","65eb93af-41b8-4917-a5fc-cfe2a45aa4bf","396d5f30-dea9-11db-8ab4-b8a03c50a862","NL","DWC_ARCHIVE","2024-11-01T08:50:07.799+00:00","2024-11-01T10:27:04.132+00:00",274,"PRESERVED_SPECIMEN","PRESENT",5597954,6,7707728,220,933,2397,3190479,5597979,5597979,"Aglaia sexipetala Griff.","Plantae","Tracheophyta","Sapindales","Meliaceae","Aglaia","Aglaia sexipetala","Aglaia","aspera","SPECIES","SYNONYM","NE","OCEANIA",1980,7,30,"1980-07-30",212,212,"2024-11-01T10:27:04.132+00:00","http://creativecommons.org/publicdomain/zero/1.0/legalcode",FALSE,"L.2134331@BRAHMS","none","none","0e919a55-08d3-4bd2-aec1-200858fafd92","0add23db-a8f7-4d15-95ad-4ed0c5c8a055",FALSE,"Wiakabu J; A.M.C.","WGS84","Magnoliopsida","PG","none","none","OCEANIA","Papua New Guinea","EUROPE","Naturalis Biodiversity Center","Wiakabu, J; A.M.C. LAE 73545","L.2134331@BRAHMS","L.2134331","ICN","https://ror.org/0566bfb96","New Guinea. Between Kalange and Wynyelmu village. Maprik Sub-province. East Sepik Province.","Botany","2515796574","https://data.biodiversitydata.nl/naturalis/specimen/L.2134331","Plantae|Sapindales|Meliaceae","Aglaia aspera Teijsm. & Binn.",NA,NA,NA,NA,NA,NA,NA,NA
"2513288241","Aglaia aspera Teijsm. & Binn.",0.15,102.16667,"","15f819bd-6612-4447-854b-14d12ee1022d","396d5f30-dea9-11db-8ab4-b8a03c50a862","17abcf75-2f1e-46dd-bf75-a5b21dd02655","65eb93af-41b8-4917-a5fc-cfe2a45aa4bf","396d5f30-dea9-11db-8ab4-b8a03c50a862","NL","DWC_ARCHIVE","2024-11-01T08:50:07.799+00:00","2024-11-01T10:28:05.436+00:00",274,"PRESERVED_SPECIMEN","PRESENT",5597954,6,7707728,220,933,2397,3190479,5597979,5597979,"Aglaia sexipetala Griff.","Plantae","Tracheophyta","Sapindales","Meliaceae","Aglaia","Aglaia sexipetala","Aglaia","aspera","SPECIES","SYNONYM","NE","ASIA",1978,4,14,"1978-04-14",104,104,"2024-11-01T10:28:05.436+00:00","http://creativecommons.org/publicdomain/zero/1.0/legalcode",FALSE,"L  0743463@BRAHMS","none","none","0e919a55-08d3-4bd2-aec1-200858fafd92","0add23db-a8f7-4d15-95ad-4ed0c5c8a055",FALSE,"Maskuri","WGS84","Magnoliopsida","ID","none","none","ASIA","Indonesia","EUROPE","Naturalis Biodiversity Center","Maskuri 298","L  0743463@BRAHMS","L  0743463","ICN","https://ror.org/0566bfb96","Indonesia, Sumatra Utara, Lubuk Raya Mt., Padangsidempuan","Botany","2513288241","https://data.biodiversitydata.nl/naturalis/specimen/L%20%200743463","Plantae|Sapindales|Meliaceae","Aglaia aspera Teijsm. & Binn.","Sumatra","17560","1500.0 m",NA,NA,NA,NA,NA
"2515793624","Aglaia aspera Teijsm. & Binn.",0.15,102.16667,"","15f819bd-6612-4447-854b-14d12ee1022d","396d5f30-dea9-11db-8ab4-b8a03c50a862","17abcf75-2f1e-46dd-bf75-a5b21dd02655","65eb93af-41b8-4917-a5fc-cfe2a45aa4bf","396d5f30-dea9-11db-8ab4-b8a03c50a862","NL","DWC_ARCHIVE","2024-11-01T08:50:07.799+00:00","2024-11-01T10:27:05.822+00:00",274,"PRESERVED_SPECIMEN","PRESENT",5597954,6,7707728,220,933,2397,3190479,5597979,5597979,"Aglaia sexipetala Griff.","Plantae","Tracheophyta","Sapindales","Meliaceae","Aglaia","Aglaia sexipetala","Aglaia","aspera","SPECIES","SYNONYM","NE","ASIA",1978,4,14,"1978-04-14",104,104,"2024-11-01T10:27:05.822+00:00","http://creativecommons.org/publicdomain/zero/1.0/legalcode",FALSE,"L.2134079@BRAHMS","none","none","0e919a55-08d3-4bd2-aec1-200858fafd92","0add23db-a8f7-4d15-95ad-4ed0c5c8a055",FALSE,"Maskuri","WGS84","Magnoliopsida","ID","none","none","ASIA","Indonesia","EUROPE","Naturalis Biodiversity Center","Maskuri 298","L.2134079@BRAHMS","L.2134079","ICN","https://ror.org/0566bfb96","Indonesia, Sumatra Utara, Lubuk Raya Mt., Padangsidempuan","Botany","2515793624","https://data.biodiversitydata.nl/naturalis/specimen/L.2134079","Plantae|Sapindales|Meliaceae","Aglaia aspera Teijsm. & Binn.","Sumatra","L  0905918","1500.0 m",NA,NA,NA,NA,NA
"2515793973","Aglaia aspera Teijsm. & Binn.",1.07278,110.92528,"","15f819bd-6612-4447-854b-14d12ee1022d","396d5f30-dea9-11db-8ab4-b8a03c50a862","17abcf75-2f1e-46dd-bf75-a5b21dd02655","65eb93af-41b8-4917-a5fc-cfe2a45aa4bf","396d5f30-dea9-11db-8ab4-b8a03c50a862","NL","DWC_ARCHIVE","2024-11-01T08:50:07.799+00:00","2024-11-01T10:27:04.608+00:00",274,"PRESERVED_SPECIMEN","PRESENT",5597954,6,7707728,220,933,2397,3190479,5597979,5597979,"Aglaia sexipetala Griff.","Plantae","Tracheophyta","Sapindales","Meliaceae","Aglaia","Aglaia sexipetala","Aglaia","aspera","SPECIES","SYNONYM","NE","ASIA",1977,9,11,"1977-09-11",254,254,"2024-11-01T10:27:04.608+00:00","http://creativecommons.org/publicdomain/zero/1.0/legalcode",FALSE,"L.2134367@BRAHMS","none","none","0e919a55-08d3-4bd2-aec1-200858fafd92","0add23db-a8f7-4d15-95ad-4ed0c5c8a055",FALSE,"Paie I bin","WGS84","Magnoliopsida","MY","none","none","ASIA","Malaysia","EUROPE","Naturalis Biodiversity Center","Paie, I bin S 39256","L.2134367@BRAHMS","L.2134367","ICN","https://ror.org/0566bfb96","Sg. Sabal Aping, Sabal F.R., Simunjan, 1st Division.","Botany","2515793973","https://data.biodiversitydata.nl/naturalis/specimen/L.2134367","Plantae|Sapindales|Meliaceae","Aglaia aspera Teijsm. & Binn.","Borneo","L  0563157",NA,"1989-04-01T00:00:00","Pannell CM","Kerangas forest in hill side.",NA,NA
"2514219743","Aglaia aspera Teijsm. & Binn.",3.5,113.8,"","15f819bd-6612-4447-854b-14d12ee1022d","396d5f30-dea9-11db-8ab4-b8a03c50a862","17abcf75-2f1e-46dd-bf75-a5b21dd02655","65eb93af-41b8-4917-a5fc-cfe2a45aa4bf","396d5f30-dea9-11db-8ab4-b8a03c50a862","NL","DWC_ARCHIVE","2024-11-01T08:50:07.799+00:00","2024-11-01T10:27:04.598+00:00",274,"PRESERVED_SPECIMEN","PRESENT",5597954,6,7707728,220,933,2397,3190479,5597979,5597979,"Aglaia sexipetala Griff.","Plantae","Tracheophyta","Sapindales","Meliaceae","Aglaia","Aglaia sexipetala","Aglaia","aspera","SPECIES","SYNONYM","NE","ASIA",1976,11,6,"1976-11-06",311,311,"2024-11-01T10:27:04.598+00:00","http://creativecommons.org/publicdomain/zero/1.0/legalcode",FALSE,"L.2134365@BRAHMS","none","none","0e919a55-08d3-4bd2-aec1-200858fafd92","0add23db-a8f7-4d15-95ad-4ed0c5c8a055",FALSE,"Yii PC","WGS84","Magnoliopsida","MY","none","none","ASIA","Malaysia","EUROPE","Naturalis Biodiversity Center","Yii, PC S 37877","L.2134365@BRAHMS","L.2134365","ICN","https://ror.org/0566bfb96","Sawai F.R. Suai, 4th Division.","Botany","2514219743","https://data.biodiversitydata.nl/naturalis/specimen/L.2134365","Plantae|Sapindales|Meliaceae","Aglaia aspera Teijsm. & Binn.","Borneo","L  0563159","60.0 m","1989-04-12T00:00:00","Pannell CM","Lowland mixed  dipterocarp forest. On a stream bank, soil loamy.",NA,NA
"2513310188","Aglaia aspera Teijsm. & Binn.",4.7,102.46667,"","15f819bd-6612-4447-854b-14d12ee1022d","396d5f30-dea9-11db-8ab4-b8a03c50a862","17abcf75-2f1e-46dd-bf75-a5b21dd02655","65eb93af-41b8-4917-a5fc-cfe2a45aa4bf","396d5f30-dea9-11db-8ab4-b8a03c50a862","NL","DWC_ARCHIVE","2024-11-01T08:50:07.799+00:00","2024-11-01T10:28:05.892+00:00",274,"PRESERVED_SPECIMEN","PRESENT",5597954,6,7707728,220,933,2397,3190479,5597979,5597979,"Aglaia sexipetala Griff.","Plantae","Tracheophyta","Sapindales","Meliaceae","Aglaia","Aglaia sexipetala","Aglaia","aspera","SPECIES","SYNONYM","NE","ASIA",1975,4,25,"1975-04-25",115,115,"2024-11-01T10:28:05.892+00:00","http://creativecommons.org/publicdomain/zero/1.0/legalcode",FALSE,"L  0802148@BRAHMS","none","none","0e919a55-08d3-4bd2-aec1-200858fafd92","0add23db-a8f7-4d15-95ad-4ed0c5c8a055",FALSE,"Balgooy MMJ van","WGS84","Magnoliopsida","MY","none","none","ASIA","Malaysia","EUROPE","Naturalis Biodiversity Center","Balgooy, MMJ van 2533","L  0802148@BRAHMS","L  0802148","ICN","https://ror.org/0566bfb96","Taman Nagara,Pahang,Malaysia Hill above plot III, near Tabing Salt Lick c.5 km from Kuala Tahan.","Botany","2513310188","https://data.biodiversitydata.nl/naturalis/specimen/L%20%200802148","Plantae|Sapindales|Meliaceae","Aglaia aspera Teijsm. & Binn.",NA,"6737",NA,NA,NA,NA,NA,NA
"2515791508","Aglaia aspera Teijsm. & Binn.",4.7,102.46667,"","15f819bd-6612-4447-854b-14d12ee1022d","396d5f30-dea9-11db-8ab4-b8a03c50a862","17abcf75-2f1e-46dd-bf75-a5b21dd02655","65eb93af-41b8-4917-a5fc-cfe2a45aa4bf","396d5f30-dea9-11db-8ab4-b8a03c50a862","NL","DWC_ARCHIVE","2024-11-01T08:50:07.799+00:00","2024-11-01T10:27:04.607+00:00",274,"PRESERVED_SPECIMEN","PRESENT",5597954,6,7707728,220,933,2397,3190479,5597979,5597979,"Aglaia sexipetala Griff.","Plantae","Tracheophyta","Sapindales","Meliaceae","Aglaia","Aglaia sexipetala","Aglaia","aspera","SPECIES","SYNONYM","NE","ASIA",1975,4,25,"1975-04-25",115,115,"2024-11-01T10:27:04.607+00:00","http://creativecommons.org/publicdomain/zero/1.0/legalcode",FALSE,"L.2134093@BRAHMS","none","none","0e919a55-08d3-4bd2-aec1-200858fafd92","0add23db-a8f7-4d15-95ad-4ed0c5c8a055",FALSE,"Balgooy MMJ van","WGS84","Magnoliopsida","MY","none","none","ASIA","Malaysia","EUROPE","Naturalis Biodiversity Center","Balgooy, MMJ van 2533","L.2134093@BRAHMS","L.2134093","ICN","https://ror.org/0566bfb96","Taman Nagara,Pahang,Malaysia Hill above plot III, near Tabing Salt Lick c.5 km from Kuala Tahan.","Botany","2515791508","https://data.biodiversitydata.nl/naturalis/specimen/L.2134093","Plantae|Sapindales|Meliaceae","Aglaia aspera Teijsm. & Binn.",NA,NA,NA,NA,NA,NA,NA,NA
"2514175717","Aglaia aspera Teijsm. & Binn.",1.16667,110.83333,"","15f819bd-6612-4447-854b-14d12ee1022d","396d5f30-dea9-11db-8ab4-b8a03c50a862","17abcf75-2f1e-46dd-bf75-a5b21dd02655","65eb93af-41b8-4917-a5fc-cfe2a45aa4bf","396d5f30-dea9-11db-8ab4-b8a03c50a862","NL","DWC_ARCHIVE","2024-11-01T08:50:07.799+00:00","2024-11-01T10:27:05.590+00:00",274,"PRESERVED_SPECIMEN","PRESENT",5597954,6,7707728,220,933,2397,3190479,5597979,5597979,"Aglaia sexipetala Griff.","Plantae","Tracheophyta","Sapindales","Meliaceae","Aglaia","Aglaia sexipetala","Aglaia","aspera","SPECIES","SYNONYM","NE","ASIA",1974,5,12,"1974-05-12",132,132,"2024-11-01T10:27:05.590+00:00","http://creativecommons.org/publicdomain/zero/1.0/legalcode",FALSE,"L.2134339@BRAHMS","none","none","0e919a55-08d3-4bd2-aec1-200858fafd92","0add23db-a8f7-4d15-95ad-4ed0c5c8a055",FALSE,"Jugah anak Kudi","WGS84","Magnoliopsida","MY","none","none","ASIA","Malaysia","EUROPE","Naturalis Biodiversity Center","Jugah anak Kudi S 34273","L.2134339@BRAHMS","L.2134339","ICN","https://ror.org/0566bfb96","Block 11, Sabal Sawmill Sdn. Bhd.,  70th Mile, Serian Rd. 1st division","Botany","2514175717","https://data.biodiversitydata.nl/naturalis/specimen/L.2134339","Plantae|Sapindales|Meliaceae","Aglaia aspera Teijsm. & Binn.","Borneo","L  0563150",NA,"1989-04-12T00:00:00","Pannell CM","On hill slope in exploited forest.",NA,NA
"2515791410","Aglaia aspera Teijsm. & Binn.",5.24167,115.64167,"","15f819bd-6612-4447-854b-14d12ee1022d","396d5f30-dea9-11db-8ab4-b8a03c50a862","17abcf75-2f1e-46dd-bf75-a5b21dd02655","65eb93af-41b8-4917-a5fc-cfe2a45aa4bf","396d5f30-dea9-11db-8ab4-b8a03c50a862","NL","DWC_ARCHIVE","2024-11-01T08:50:07.799+00:00","2024-11-01T10:28:39.316+00:00",274,"PRESERVED_SPECIMEN","PRESENT",5597954,6,7707728,220,933,2397,3190479,5597979,5597979,"Aglaia sexipetala Griff.","Plantae","Tracheophyta","Sapindales","Meliaceae","Aglaia","Aglaia sexipetala","Aglaia","aspera","SPECIES","SYNONYM","NE","ASIA",1974,6,24,"1974-06-24",175,175,"2024-11-01T10:28:39.316+00:00","http://creativecommons.org/publicdomain/zero/1.0/legalcode",FALSE,"L.2134342@BRAHMS","none","none","0e919a55-08d3-4bd2-aec1-200858fafd92","0add23db-a8f7-4d15-95ad-4ed0c5c8a055",FALSE,"Sundaling D; Abdul Karim Momin","WGS84","Magnoliopsida","MY","none","none","ASIA","Malaysia","EUROPE","Naturalis Biodiversity Center","Sundaling, D; Abdul Karim Momin SAN 78218","L.2134342@BRAHMS","L.2134342","ICN","https://ror.org/0566bfb96","Ulu SG. Bukau, Beaufort distr.","Botany","2515791410","https://data.biodiversitydata.nl/naturalis/specimen/L.2134342","Plantae|Sapindales|Meliaceae","Aglaia aspera Teijsm. & Binn.","Borneo","L  0563148","243.0 m","1989-04-01T00:00:00","Pannell CM","Lowland forest at hill ridge.",NA,NA
"2515794059","Aglaia aspera Teijsm. & Binn.",-2.16667,146.66667,"","15f819bd-6612-4447-854b-14d12ee1022d","396d5f30-dea9-11db-8ab4-b8a03c50a862","17abcf75-2f1e-46dd-bf75-a5b21dd02655","65eb93af-41b8-4917-a5fc-cfe2a45aa4bf","396d5f30-dea9-11db-8ab4-b8a03c50a862","NL","DWC_ARCHIVE","2024-11-01T08:50:07.799+00:00","2024-11-01T10:27:08.704+00:00",274,"PRESERVED_SPECIMEN","PRESENT",5597954,6,7707728,220,933,2397,3190479,5597979,5597979,"Aglaia sexipetala Griff.","Plantae","Tracheophyta","Sapindales","Meliaceae","Aglaia","Aglaia sexipetala","Aglaia","aspera","SPECIES","SYNONYM","NE","OCEANIA",1974,10,28,"1974-10-28",301,301,"2024-11-01T10:27:08.704+00:00","http://creativecommons.org/publicdomain/zero/1.0/legalcode",FALSE,"L.2134304@BRAHMS","none","none","0e919a55-08d3-4bd2-aec1-200858fafd92","0add23db-a8f7-4d15-95ad-4ed0c5c8a055",FALSE,"Foreman DB; Katik P","WGS84","Magnoliopsida","PG","none","none","OCEANIA","Papua New Guinea","EUROPE","Naturalis Biodiversity Center","Foreman, DB; Katik, P LAE 59188","L.2134304@BRAHMS","L.2134304","ICN","https://ror.org/0566bfb96","Admiralty Islands. Near Bundrahei primary school. Dist. Manus.","Botany","2515794059","https://data.biodiversitydata.nl/naturalis/specimen/L.2134304","Plantae|Sapindales|Meliaceae","Aglaia aspera Teijsm. & Binn.",NA,NA,NA,NA,NA,NA,NA,NA
"2515789132","Aglaia aspera Teijsm. & Binn.",1.03333,110.9,"","15f819bd-6612-4447-854b-14d12ee1022d","396d5f30-dea9-11db-8ab4-b8a03c50a862","17abcf75-2f1e-46dd-bf75-a5b21dd02655","65eb93af-41b8-4917-a5fc-cfe2a45aa4bf","396d5f30-dea9-11db-8ab4-b8a03c50a862","NL","DWC_ARCHIVE","2024-11-01T08:50:07.799+00:00","2024-11-01T10:27:06.510+00:00",274,"PRESERVED_SPECIMEN","PRESENT",5597954,6,7707728,220,933,2397,3190479,5597979,5597979,"Aglaia sexipetala Griff.","Plantae","Tracheophyta","Sapindales","Meliaceae","Aglaia","Aglaia sexipetala","Aglaia","aspera","SPECIES","SYNONYM","NE","ASIA",1974,10,4,"1974-10-04",277,277,"2024-11-01T10:27:06.510+00:00","http://creativecommons.org/publicdomain/zero/1.0/legalcode",FALSE,"L.2134353@BRAHMS","none","none","0e919a55-08d3-4bd2-aec1-200858fafd92","0add23db-a8f7-4d15-95ad-4ed0c5c8a055",FALSE,"Paie I bin; Azahari","WGS84","Magnoliopsida","MY","none","none","ASIA","Malaysia","EUROPE","Naturalis Biodiversity Center","Paie, I bin; Azahari S 35603","L.2134353@BRAHMS","L.2134353","ICN","https://ror.org/0566bfb96","Path to mountain betwen Ulu Sg. Sabal Tapang & Aping, 70th Mile, Serian/Sri Aman Rd.","Botany","2515789132","https://data.biodiversitydata.nl/naturalis/specimen/L.2134353","Plantae|Sapindales|Meliaceae","Aglaia aspera Teijsm. & Binn.","Borneo","L  0563170","304.0 m","1989-04-01T00:00:00","Pannell CM","On hillside of keangas forest.  On white sandy soil.",NA,NA
"2514224719","Aglaia aspera Teijsm. & Binn.",1.16667,110.83333,"","15f819bd-6612-4447-854b-14d12ee1022d","396d5f30-dea9-11db-8ab4-b8a03c50a862","17abcf75-2f1e-46dd-bf75-a5b21dd02655","65eb93af-41b8-4917-a5fc-cfe2a45aa4bf","396d5f30-dea9-11db-8ab4-b8a03c50a862","NL","DWC_ARCHIVE","2024-11-01T08:50:07.799+00:00","2024-11-01T10:28:39.861+00:00",274,"PRESERVED_SPECIMEN","PRESENT",5597954,6,7707728,220,933,2397,3190479,5597979,5597979,"Aglaia sexipetala Griff.","Plantae","Tracheophyta","Sapindales","Meliaceae","Aglaia","Aglaia sexipetala","Aglaia","aspera","SPECIES","SYNONYM","NE","ASIA",1974,10,13,"1974-10-13",286,286,"2024-11-01T10:28:39.861+00:00","http://creativecommons.org/publicdomain/zero/1.0/legalcode",FALSE,"L.2134364@BRAHMS","none","none","0e919a55-08d3-4bd2-aec1-200858fafd92","0add23db-a8f7-4d15-95ad-4ed0c5c8a055",FALSE,"Paie I bin; Azahari","WGS84","Magnoliopsida","MY","none","none","ASIA","Malaysia","EUROPE","Naturalis Biodiversity Center","Paie, I bin; Azahari S 35754","L.2134364@BRAHMS","L.2134364","ICN","https://ror.org/0566bfb96","Sabal Sawmill Area, Sabal Forest Reserve, 70th Mile, Serian/Sri Aman Rd. 1st div.","Botany","2514224719","https://data.biodiversitydata.nl/naturalis/specimen/L.2134364","Plantae|Sapindales|Meliaceae","Aglaia aspera Teijsm. & Binn.","Borneo","L  0563160","182.0 m","1989-04-12T00:00:00","Pannell CM","On hillside in mixed dipterocarp forest.  On yellow sandy clay.",NA,NA
"2514213736","Aglaia aspera Teijsm. & Binn.",-5.75,149.58333,"","15f819bd-6612-4447-854b-14d12ee1022d","396d5f30-dea9-11db-8ab4-b8a03c50a862","17abcf75-2f1e-46dd-bf75-a5b21dd02655","65eb93af-41b8-4917-a5fc-cfe2a45aa4bf","396d5f30-dea9-11db-8ab4-b8a03c50a862","NL","DWC_ARCHIVE","2024-11-01T08:50:07.799+00:00","2024-11-01T10:28:39.315+00:00",274,"PRESERVED_SPECIMEN","PRESENT",5597954,6,7707728,220,933,2397,3190479,5597979,5597979,"Aglaia sexipetala Griff.","Plantae","Tracheophyta","Sapindales","Meliaceae","Aglaia","Aglaia sexipetala","Aglaia","aspera","SPECIES","SYNONYM","NE","OCEANIA",1973,5,28,"1973-05-28",148,148,"2024-11-01T10:28:39.315+00:00","http://creativecommons.org/publicdomain/zero/1.0/legalcode",FALSE,"L.2134308@BRAHMS","none","none","0e919a55-08d3-4bd2-aec1-200858fafd92","0add23db-a8f7-4d15-95ad-4ed0c5c8a055",TRUE,"Isles RS; Katik P","WGS84","Magnoliopsida","PG","none","none","OCEANIA","Papua New Guinea","EUROPE","Naturalis Biodiversity Center","Isles, RS; Katik, P NGF 32247","L.2134308@BRAHMS","L.2134308","ICN","https://ror.org/0566bfb96","New Britain. 32 kilometers S.W. of Linga Linga Plantation. District W. New Britain, Subdistrict Kombi.","Botany","2514213736","https://data.biodiversitydata.nl/naturalis/specimen/L.2134308","Plantae|Sapindales|Meliaceae","Aglaia aspera Teijsm. & Binn.",NA,NA,NA,NA,NA,NA,NA,NA
"2514258699","Aglaia aspera Teijsm. & Binn.",4.45417,117.7125,"","15f819bd-6612-4447-854b-14d12ee1022d","396d5f30-dea9-11db-8ab4-b8a03c50a862","17abcf75-2f1e-46dd-bf75-a5b21dd02655","65eb93af-41b8-4917-a5fc-cfe2a45aa4bf","396d5f30-dea9-11db-8ab4-b8a03c50a862","NL","DWC_ARCHIVE","2024-11-01T08:50:07.799+00:00","2024-11-01T10:28:39.445+00:00",274,"PRESERVED_SPECIMEN","PRESENT",5597954,6,7707728,220,933,2397,3190479,5597979,5597979,"Aglaia sexipetala Griff.","Plantae","Tracheophyta","Sapindales","Meliaceae","Aglaia","Aglaia sexipetala","Aglaia","aspera","SPECIES","SYNONYM","NE","ASIA",1972,1,20,"1972-01-20",20,20,"2024-11-01T10:28:39.445+00:00","http://creativecommons.org/publicdomain/zero/1.0/legalcode",FALSE,"L.2134334@BRAHMS","none","none","0e919a55-08d3-4bd2-aec1-200858fafd92","0add23db-a8f7-4d15-95ad-4ed0c5c8a055",FALSE,"Arshid T","WGS84","Magnoliopsida","MY","none","none","ASIA","Malaysia","EUROPE","Naturalis Biodiversity Center","Arshid, T SAN 72852","L.2134334@BRAHMS","L.2134334","ICN","https://ror.org/0566bfb96","Sabah Foundation logging area Mile 55 1/2. Sandakan distr.","Botany","2514258699","https://data.biodiversitydata.nl/naturalis/specimen/L.2134334","Plantae|Sapindales|Meliaceae","Aglaia aspera Teijsm. & Binn.","Borneo","L  0563155","24.0 m","1989-04-12T00:00:00","Pannell CM",NA,NA,NA
"2515796411","Aglaia aspera Teijsm. & Binn.",-9.61667,149.16667,"","15f819bd-6612-4447-854b-14d12ee1022d","396d5f30-dea9-11db-8ab4-b8a03c50a862","17abcf75-2f1e-46dd-bf75-a5b21dd02655","65eb93af-41b8-4917-a5fc-cfe2a45aa4bf","396d5f30-dea9-11db-8ab4-b8a03c50a862","NL","DWC_ARCHIVE","2024-11-01T08:50:07.799+00:00","2024-11-01T10:27:04.380+00:00",274,"PRESERVED_SPECIMEN","PRESENT",5597954,6,7707728,220,933,2397,3190479,5597979,5597979,"Aglaia sexipetala Griff.","Plantae","Tracheophyta","Sapindales","Meliaceae","Aglaia","Aglaia sexipetala","Aglaia","aspera","SPECIES","SYNONYM","NE","OCEANIA",1972,6,12,"1972-06-12",164,164,"2024-11-01T10:27:04.380+00:00","http://creativecommons.org/publicdomain/zero/1.0/legalcode",FALSE,"L.2134315@BRAHMS","none","none","0e919a55-08d3-4bd2-aec1-200858fafd92","0add23db-a8f7-4d15-95ad-4ed0c5c8a055",TRUE,"Katik P","WGS84","Magnoliopsida","PG","none","none","OCEANIA","Papua New Guinea","EUROPE","Naturalis Biodiversity Center","Katik, P NGF 46949","L.2134315@BRAHMS","L.2134315","ICN","https://ror.org/0566bfb96","New Guinea. M.I. Road to Mt Suckling, Rabaraba, Milne Bay.","Botany","2515796411","https://data.biodiversitydata.nl/naturalis/specimen/L.2134315","Plantae|Sapindales|Meliaceae","Aglaia aspera Teijsm. & Binn.",NA,NA,NA,NA,NA,NA,NA,NA
"2514226721","Aglaia aspera Teijsm. & Binn.",-9.61667,149.16667,"","15f819bd-6612-4447-854b-14d12ee1022d","396d5f30-dea9-11db-8ab4-b8a03c50a862","17abcf75-2f1e-46dd-bf75-a5b21dd02655","65eb93af-41b8-4917-a5fc-cfe2a45aa4bf","396d5f30-dea9-11db-8ab4-b8a03c50a862","NL","DWC_ARCHIVE","2024-11-01T08:50:07.799+00:00","2024-11-01T10:27:04.889+00:00",274,"PRESERVED_SPECIMEN","PRESENT",5597954,6,7707728,220,933,2397,3190479,5597979,5597979,"Aglaia sexipetala Griff.","Plantae","Tracheophyta","Sapindales","Meliaceae","Aglaia","Aglaia sexipetala","Aglaia","aspera","SPECIES","SYNONYM","NE","OCEANIA",1972,7,14,"1972-07-14",196,196,"2024-11-01T10:27:04.889+00:00","http://creativecommons.org/publicdomain/zero/1.0/legalcode",FALSE,"L.2134303@BRAHMS","none","none","0e919a55-08d3-4bd2-aec1-200858fafd92","0add23db-a8f7-4d15-95ad-4ed0c5c8a055",TRUE,"Streimann H; Lae - Leiden - Canberra Botanical Expedition","WGS84","Magnoliopsida","PG","none","none","OCEANIA","Papua New Guinea","EUROPE","Naturalis Biodiversity Center","Streimann, H; Lae - Leiden - Canberra Botanical Expedition NGF 28864","L.2134303@BRAHMS","L.2134303","ICN","https://ror.org/0566bfb96","Papua. Raba Raba Subdist., Milne Bay Dist. Junction Ugat and Mayu Rivers, near Mayu I.","Botany","2514226721","https://data.biodiversitydata.nl/naturalis/specimen/L.2134303","Plantae|Sapindales|Meliaceae","Aglaia aspera Teijsm. & Binn.",NA,NA,NA,NA,NA,NA,NA,NA
"2514269694","Aglaia aspera Teijsm. & Binn.",5.75,118,"","15f819bd-6612-4447-854b-14d12ee1022d","396d5f30-dea9-11db-8ab4-b8a03c50a862","17abcf75-2f1e-46dd-bf75-a5b21dd02655","65eb93af-41b8-4917-a5fc-cfe2a45aa4bf","396d5f30-dea9-11db-8ab4-b8a03c50a862","NL","DWC_ARCHIVE","2024-11-01T08:50:07.799+00:00","2024-11-01T10:27:04.132+00:00",274,"PRESERVED_SPECIMEN","PRESENT",5597954,6,7707728,220,933,2397,3190479,5597979,5597979,"Aglaia sexipetala Griff.","Plantae","Tracheophyta","Sapindales","Meliaceae","Aglaia","Aglaia sexipetala","Aglaia","aspera","SPECIES","SYNONYM","NE","ASIA",1971,12,7,"1971-12-07",341,341,"2024-11-01T10:27:04.132+00:00","http://creativecommons.org/publicdomain/zero/1.0/legalcode",FALSE,"L.2134333@BRAHMS","none","none","0e919a55-08d3-4bd2-aec1-200858fafd92","0add23db-a8f7-4d15-95ad-4ed0c5c8a055",FALSE,"Sundaling D; Leopold G","WGS84","Magnoliopsida","MY","none","none","ASIA","Malaysia","EUROPE","Naturalis Biodiversity Center","Sundaling, D; Leopold, G SAN 71188","L.2134333@BRAHMS","L.2134333","ICN","https://ror.org/0566bfb96","mile 79 1/2 Labuk road; north side of the road.","Botany","2514269694","https://data.biodiversitydata.nl/naturalis/specimen/L.2134333","Plantae|Sapindales|Meliaceae","Aglaia aspera Teijsm. & Binn.","Borneo","L  0563156","137.0 m","1989-04-12T00:00:00","Pannell CM","Hillside; recently cut through area of Primary forest. Soil silty -lay in texture. reddish-brown.",NA,NA
"2515793840","Aglaia aspera Teijsm. & Binn.",-4.83333,146.25,"","15f819bd-6612-4447-854b-14d12ee1022d","396d5f30-dea9-11db-8ab4-b8a03c50a862","17abcf75-2f1e-46dd-bf75-a5b21dd02655","65eb93af-41b8-4917-a5fc-cfe2a45aa4bf","396d5f30-dea9-11db-8ab4-b8a03c50a862","NL","DWC_ARCHIVE","2024-11-01T08:50:07.799+00:00","2024-11-01T10:27:06.520+00:00",274,"PRESERVED_SPECIMEN","PRESENT",5597954,6,7707728,220,933,2397,3190479,5597979,5597979,"Aglaia sexipetala Griff.","Plantae","Tracheophyta","Sapindales","Meliaceae","Aglaia","Aglaia sexipetala","Aglaia","aspera","SPECIES","SYNONYM","NE","OCEANIA",1969,6,15,"1969-06-15",166,166,"2024-11-01T10:27:06.520+00:00","http://creativecommons.org/publicdomain/zero/1.0/legalcode",FALSE,"L.2134332@BRAHMS","none","none","0e919a55-08d3-4bd2-aec1-200858fafd92","0add23db-a8f7-4d15-95ad-4ed0c5c8a055",TRUE,"Vandenberg J; Mann EB","WGS84","Magnoliopsida","PG","none","none","OCEANIA","Papua New Guinea","EUROPE","Naturalis Biodiversity Center","Vandenberg, J; Mann, EB NGF 42245","L.2134332@BRAHMS","L.2134332","ICN","https://ror.org/0566bfb96","New Guinea. Ridge above southern side of Bagabag Island, Madang Sub-district, Madang District.","Botany","2515793840","https://data.biodiversitydata.nl/naturalis/specimen/L.2134332","Plantae|Sapindales|Meliaceae","Aglaia aspera Teijsm. & Binn.",NA,NA,NA,NA,NA,NA,"none",NA
"2513243620","Aglaia aspera Teijsm. & Binn.",-5.38333,104.41667,"","15f819bd-6612-4447-854b-14d12ee1022d","396d5f30-dea9-11db-8ab4-b8a03c50a862","17abcf75-2f1e-46dd-bf75-a5b21dd02655","65eb93af-41b8-4917-a5fc-cfe2a45aa4bf","396d5f30-dea9-11db-8ab4-b8a03c50a862","NL","DWC_ARCHIVE","2024-11-01T08:50:07.799+00:00","2024-11-01T10:28:05.365+00:00",274,"PRESERVED_SPECIMEN","PRESENT",5597954,6,7707728,220,933,2397,3190479,5597979,5597979,"Aglaia sexipetala Griff.","Plantae","Tracheophyta","Sapindales","Meliaceae","Aglaia","Aglaia sexipetala","Aglaia","aspera","SPECIES","SYNONYM","NE","ASIA",1968,5,10,"1968-05-10",131,131,"2024-11-01T10:28:05.365+00:00","http://creativecommons.org/publicdomain/zero/1.0/legalcode",FALSE,"L  0571669@BRAHMS","none","none","0e919a55-08d3-4bd2-aec1-200858fafd92","0add23db-a8f7-4d15-95ad-4ed0c5c8a055",FALSE,"Jacobs M","WGS84","Magnoliopsida","ID","none","none","ASIA","Indonesia","EUROPE","Naturalis Biodiversity Center","Jacobs, M 8306","L  0571669@BRAHMS","L  0571669","ICN","https://ror.org/0566bfb96","Indonesia, Sumatra, Lampung, Kota Agung","Botany","2513243620","https://data.biodiversitydata.nl/naturalis/specimen/L%20%200571669","Plantae|Sapindales|Meliaceae","Aglaia aspera Teijsm. & Binn.","Sumatra",NA,"350.0 - 450.0 m",NA,NA,NA,NA,NA
"2513245186","Aglaia aspera Teijsm. & Binn.",-5.43333,104.68333,"","15f819bd-6612-4447-854b-14d12ee1022d","396d5f30-dea9-11db-8ab4-b8a03c50a862","17abcf75-2f1e-46dd-bf75-a5b21dd02655","65eb93af-41b8-4917-a5fc-cfe2a45aa4bf","396d5f30-dea9-11db-8ab4-b8a03c50a862","NL","DWC_ARCHIVE","2024-11-01T08:50:07.799+00:00","2024-11-01T10:29:03.782+00:00",274,"PRESERVED_SPECIMEN","PRESENT",5597954,6,7707728,220,933,2397,3190479,5597979,5597979,"Aglaia sexipetala Griff.","Plantae","Tracheophyta","Sapindales","Meliaceae","Aglaia","Aglaia sexipetala","Aglaia","aspera","SPECIES","SYNONYM","NE","ASIA",1968,5,4,"1968-05-04",125,125,"2024-11-01T10:29:03.782+00:00","http://creativecommons.org/publicdomain/zero/1.0/legalcode",FALSE,"L  0571670@BRAHMS","none","none","0e919a55-08d3-4bd2-aec1-200858fafd92","0add23db-a8f7-4d15-95ad-4ed0c5c8a055",FALSE,"Jacobs M","WGS84","Magnoliopsida","ID","none","none","ASIA","Indonesia","EUROPE","Naturalis Biodiversity Center","Jacobs, M 8266","L  0571670@BRAHMS","L  0571670","ICN","https://ror.org/0566bfb96","Indonesia, Sumatra, Lampung, Mt. Tanggamus","Botany","2513245186","https://data.biodiversitydata.nl/naturalis/specimen/L%20%200571670","Plantae|Sapindales|Meliaceae","Aglaia aspera Teijsm. & Binn.","Sumatra",NA,"1200.0 - 1300.0 m",NA,NA,NA,NA,NA
"2515796757","Aglaia aspera Teijsm. & Binn.",-5.38333,104.41667,"","15f819bd-6612-4447-854b-14d12ee1022d","396d5f30-dea9-11db-8ab4-b8a03c50a862","17abcf75-2f1e-46dd-bf75-a5b21dd02655","65eb93af-41b8-4917-a5fc-cfe2a45aa4bf","396d5f30-dea9-11db-8ab4-b8a03c50a862","NL","DWC_ARCHIVE","2024-11-01T08:50:07.799+00:00","2024-11-01T10:29:10.411+00:00",274,"PRESERVED_SPECIMEN","PRESENT",5597954,6,7707728,220,933,2397,3190479,5597979,5597979,"Aglaia sexipetala Griff.","Plantae","Tracheophyta","Sapindales","Meliaceae","Aglaia","Aglaia sexipetala","Aglaia","aspera","SPECIES","SYNONYM","NE","ASIA",1968,5,10,"1968-05-10",131,131,"2024-11-01T10:29:10.411+00:00","http://creativecommons.org/publicdomain/zero/1.0/legalcode",FALSE,"L.2134078@BRAHMS","none","none","0e919a55-08d3-4bd2-aec1-200858fafd92","0add23db-a8f7-4d15-95ad-4ed0c5c8a055",FALSE,"Jacobs M","WGS84","Magnoliopsida","ID","none","none","ASIA","Indonesia","EUROPE","Naturalis Biodiversity Center","Jacobs, M 8306","L.2134078@BRAHMS","L.2134078","ICN","https://ror.org/0566bfb96","Indonesia, Sumatra, Lampung, Kota Agung","Botany","2515796757","https://data.biodiversitydata.nl/naturalis/specimen/L.2134078","Plantae|Sapindales|Meliaceae","Aglaia aspera Teijsm. & Binn.","Sumatra","L  0905919","350.0 - 450.0 m",NA,NA,NA,NA,NA
"2514175709","Aglaia aspera Teijsm. & Binn.",-5.43333,104.68333,"","15f819bd-6612-4447-854b-14d12ee1022d","396d5f30-dea9-11db-8ab4-b8a03c50a862","17abcf75-2f1e-46dd-bf75-a5b21dd02655","65eb93af-41b8-4917-a5fc-cfe2a45aa4bf","396d5f30-dea9-11db-8ab4-b8a03c50a862","NL","DWC_ARCHIVE","2024-11-01T08:50:07.799+00:00","2024-11-01T10:27:08.341+00:00",274,"PRESERVED_SPECIMEN","PRESENT",5597954,6,7707728,220,933,2397,3190479,5597979,5597979,"Aglaia sexipetala Griff.","Plantae","Tracheophyta","Sapindales","Meliaceae","Aglaia","Aglaia sexipetala","Aglaia","aspera","SPECIES","SYNONYM","NE","ASIA",1968,5,4,"1968-05-04",125,125,"2024-11-01T10:27:08.341+00:00","http://creativecommons.org/publicdomain/zero/1.0/legalcode",FALSE,"L.2134081@BRAHMS","none","none","0e919a55-08d3-4bd2-aec1-200858fafd92","0add23db-a8f7-4d15-95ad-4ed0c5c8a055",FALSE,"Jacobs M","WGS84","Magnoliopsida","ID","none","none","ASIA","Indonesia","EUROPE","Naturalis Biodiversity Center","Jacobs, M 8266","L.2134081@BRAHMS","L.2134081","ICN","https://ror.org/0566bfb96","Indonesia, Sumatra, Lampung, Mt. Tanggamus","Botany","2514175709","https://data.biodiversitydata.nl/naturalis/specimen/L.2134081","Plantae|Sapindales|Meliaceae","Aglaia aspera Teijsm. & Binn.","Sumatra","L  0905916","1200.0 - 1300.0 m",NA,NA,NA,NA,NA
"2515796576","Aglaia aspera Teijsm. & Binn.",1.56667,109.9,"","15f819bd-6612-4447-854b-14d12ee1022d","396d5f30-dea9-11db-8ab4-b8a03c50a862","17abcf75-2f1e-46dd-bf75-a5b21dd02655","65eb93af-41b8-4917-a5fc-cfe2a45aa4bf","396d5f30-dea9-11db-8ab4-b8a03c50a862","NL","DWC_ARCHIVE","2024-11-01T08:50:07.799+00:00","2024-11-01T10:27:06.511+00:00",274,"PRESERVED_SPECIMEN","PRESENT",5597954,6,7707728,220,933,2397,3190479,5597979,5597979,"Aglaia sexipetala Griff.","Plantae","Tracheophyta","Sapindales","Meliaceae","Aglaia","Aglaia sexipetala","Aglaia","aspera","SPECIES","SYNONYM","NE","ASIA",1968,6,27,"1968-06-27",179,179,"2024-11-01T10:27:06.511+00:00","http://creativecommons.org/publicdomain/zero/1.0/legalcode",FALSE,"L.2134357@BRAHMS","none","none","0e919a55-08d3-4bd2-aec1-200858fafd92","0add23db-a8f7-4d15-95ad-4ed0c5c8a055",FALSE,"Paie I bin","WGS84","Magnoliopsida","MY","none","none","ASIA","Malaysia","EUROPE","Naturalis Biodiversity Center","Paie, I bin S 27789","L.2134357@BRAHMS","L.2134357","ICN","https://ror.org/0566bfb96","Bukit SNibong, Sampadi F.R., 25th Mile Bau/Lundu Rd. 1st division","Botany","2515796576","https://data.biodiversitydata.nl/naturalis/specimen/L.2134357","Plantae|Sapindales|Meliaceae","Aglaia aspera Teijsm. & Binn.","Borneo","L  0563166","274.0 m","1989-04-01T00:00:00","Pannell CM","Hillside.  Yellow loam.",NA,NA
"2515794010","Aglaia aspera Teijsm. & Binn.",-5.58333,144.16667,"","15f819bd-6612-4447-854b-14d12ee1022d","396d5f30-dea9-11db-8ab4-b8a03c50a862","17abcf75-2f1e-46dd-bf75-a5b21dd02655","65eb93af-41b8-4917-a5fc-cfe2a45aa4bf","396d5f30-dea9-11db-8ab4-b8a03c50a862","NL","DWC_ARCHIVE","2024-11-01T08:50:07.799+00:00","2024-11-01T10:27:08.704+00:00",274,"PRESERVED_SPECIMEN","PRESENT",5597954,6,7707728,220,933,2397,3190479,5597979,5597979,"Aglaia sexipetala Griff.","Plantae","Tracheophyta","Sapindales","Meliaceae","Aglaia","Aglaia sexipetala","Aglaia","aspera","SPECIES","SYNONYM","NE","OCEANIA",1968,7,10,"1968-07-10",192,192,"2024-11-01T10:27:08.704+00:00","http://creativecommons.org/publicdomain/zero/1.0/legalcode",FALSE,"L.2134306@BRAHMS","none","none","0e919a55-08d3-4bd2-aec1-200858fafd92","0add23db-a8f7-4d15-95ad-4ed0c5c8a055",FALSE,"Millar AN","WGS84","Magnoliopsida","PG","none","none","OCEANIA","Papua New Guinea","EUROPE","Naturalis Biodiversity Center","Millar, AN NGF 37718","L.2134306@BRAHMS","L.2134306","ICN","https://ror.org/0566bfb96","New Guinea. Hallstrom Flora & Fauna Sanc-tuary, Hagen Sub-district, Western Highlands District.","Botany","2515794010","https://data.biodiversitydata.nl/naturalis/specimen/L.2134306","Plantae|Sapindales|Meliaceae","Aglaia aspera Teijsm. & Binn.",NA,NA,NA,NA,NA,NA,NA,NA
"2514212704","Aglaia aspera Teijsm. & Binn.",4.24381,113.92396,"","15f819bd-6612-4447-854b-14d12ee1022d","396d5f30-dea9-11db-8ab4-b8a03c50a862","17abcf75-2f1e-46dd-bf75-a5b21dd02655","65eb93af-41b8-4917-a5fc-cfe2a45aa4bf","396d5f30-dea9-11db-8ab4-b8a03c50a862","NL","DWC_ARCHIVE","2024-11-01T08:50:07.799+00:00","2024-11-01T10:27:06.511+00:00",274,"PRESERVED_SPECIMEN","PRESENT",5597954,6,7707728,220,933,2397,3190479,5597979,5597979,"Aglaia sexipetala Griff.","Plantae","Tracheophyta","Sapindales","Meliaceae","Aglaia","Aglaia sexipetala","Aglaia","aspera","SPECIES","SYNONYM","NE","ASIA",1966,4,14,"1966-04-14",104,104,"2024-11-01T10:27:06.511+00:00","http://creativecommons.org/publicdomain/zero/1.0/legalcode",FALSE,"L.2134355@BRAHMS","none","none","0e919a55-08d3-4bd2-aec1-200858fafd92","0add23db-a8f7-4d15-95ad-4ed0c5c8a055",FALSE,"Sibat ak Luang","WGS84","Magnoliopsida","MY","none","none","ASIA","Malaysia","EUROPE","Naturalis Biodiversity Center","Sibat ak Luang S 24133","L.2134355@BRAHMS","L.2134355","ICN","https://ror.org/0566bfb96","6 1/2 Miles Bakam road, Miri.","Botany","2514212704","https://data.biodiversitydata.nl/naturalis/specimen/L.2134355","Plantae|Sapindales|Meliaceae","Aglaia aspera Teijsm. & Binn.","Borneo","L  0563168",NA,"1989-04-01T00:00:00","Pannell CM","River side.",NA,NA
"2514246720","Aglaia aspera Teijsm. & Binn.",2.16667,113.11667,"","15f819bd-6612-4447-854b-14d12ee1022d","396d5f30-dea9-11db-8ab4-b8a03c50a862","17abcf75-2f1e-46dd-bf75-a5b21dd02655","65eb93af-41b8-4917-a5fc-cfe2a45aa4bf","396d5f30-dea9-11db-8ab4-b8a03c50a862","NL","DWC_ARCHIVE","2024-11-01T08:50:07.799+00:00","2024-11-01T10:28:39.745+00:00",274,"PRESERVED_SPECIMEN","PRESENT",5597954,6,7707728,220,933,2397,3190479,5597979,5597979,"Aglaia sexipetala Griff.","Plantae","Tracheophyta","Sapindales","Meliaceae","Aglaia","Aglaia sexipetala","Aglaia","aspera","SPECIES","SYNONYM","NE","ASIA",1965,10,5,"1965-10-05",278,278,"2024-11-01T10:28:39.745+00:00","http://creativecommons.org/publicdomain/zero/1.0/legalcode",FALSE,"L.2134356@BRAHMS","none","none","0e919a55-08d3-4bd2-aec1-200858fafd92","0add23db-a8f7-4d15-95ad-4ed0c5c8a055",FALSE,"Jugah anak Kudi","WGS84","Magnoliopsida","MY","none","none","ASIA","Malaysia","EUROPE","Naturalis Biodiversity Center","Jugah anak Kudi S 23835","L.2134356@BRAHMS","L.2134356","ICN","https://ror.org/0566bfb96","Bkt. Raya, Kapit, 3rd Division.","Botany","2514246720","https://data.biodiversitydata.nl/naturalis/specimen/L.2134356","Plantae|Sapindales|Meliaceae","Aglaia aspera Teijsm. & Binn.","Borneo","L  0563167","228.0 m","1989-04-01T00:00:00","Pannell CM","On ridge.",NA,NA
"2514172696","Aglaia aspera Teijsm. & Binn.",2.16667,113.11667,"","15f819bd-6612-4447-854b-14d12ee1022d","396d5f30-dea9-11db-8ab4-b8a03c50a862","17abcf75-2f1e-46dd-bf75-a5b21dd02655","65eb93af-41b8-4917-a5fc-cfe2a45aa4bf","396d5f30-dea9-11db-8ab4-b8a03c50a862","NL","DWC_ARCHIVE","2024-11-01T08:50:07.799+00:00","2024-11-01T10:27:06.512+00:00",274,"PRESERVED_SPECIMEN","PRESENT",5597954,6,7707728,220,933,2397,3190479,5597979,5597979,"Aglaia sexipetala Griff.","Plantae","Tracheophyta","Sapindales","Meliaceae","Aglaia","Aglaia sexipetala","Aglaia","aspera","SPECIES","SYNONYM","NE","ASIA",1965,10,19,"1965-10-19",292,292,"2024-11-01T10:27:06.512+00:00","http://creativecommons.org/publicdomain/zero/1.0/legalcode",FALSE,"L.2134359@BRAHMS","none","none","0e919a55-08d3-4bd2-aec1-200858fafd92","0add23db-a8f7-4d15-95ad-4ed0c5c8a055",FALSE,"Au J","WGS84","Magnoliopsida","MY","none","none","ASIA","Malaysia","EUROPE","Naturalis Biodiversity Center","Au, J S 23914","L.2134359@BRAHMS","L.2134359","ICN","https://ror.org/0566bfb96","Bkt. Raya, Kapit, 3rd Division.","Botany","2514172696","https://data.biodiversitydata.nl/naturalis/specimen/L.2134359","Plantae|Sapindales|Meliaceae","Aglaia aspera Teijsm. & Binn.","Borneo","L  0563165",NA,"1989-04-01T00:00:00","Pannell CM","Hill slope near stream.",NA,NA
"2513285637","Aglaia aspera Teijsm. & Binn.",-7.18333,146.65,"","15f819bd-6612-4447-854b-14d12ee1022d","396d5f30-dea9-11db-8ab4-b8a03c50a862","17abcf75-2f1e-46dd-bf75-a5b21dd02655","65eb93af-41b8-4917-a5fc-cfe2a45aa4bf","396d5f30-dea9-11db-8ab4-b8a03c50a862","NL","DWC_ARCHIVE","2024-11-01T08:50:07.799+00:00","2024-11-01T10:28:04.856+00:00",274,"PRESERVED_SPECIMEN","PRESENT",5597954,6,7707728,220,933,2397,3190479,5597979,5597979,"Aglaia sexipetala Griff.","Plantae","Tracheophyta","Sapindales","Meliaceae","Aglaia","Aglaia sexipetala","Aglaia","aspera","SPECIES","SYNONYM","NE","OCEANIA",1964,1,21,"1964-01-21",21,21,"2024-11-01T10:28:04.856+00:00","http://creativecommons.org/publicdomain/zero/1.0/legalcode",FALSE,"L  0739194@BRAHMS","none","none","0e919a55-08d3-4bd2-aec1-200858fafd92","0add23db-a8f7-4d15-95ad-4ed0c5c8a055",FALSE,"Pennington TD","WGS84","Magnoliopsida","PG","none","none","OCEANIA","Papua New Guinea","EUROPE","Naturalis Biodiversity Center","Pennington, TD 8079","L  0739194@BRAHMS","L  0739194","ICN","https://ror.org/0566bfb96","New Guinea. Crooked Creek, nr Bulolo.","Botany","2513285637","https://data.biodiversitydata.nl/naturalis/specimen/L%20%200739194","Plantae|Sapindales|Meliaceae","Aglaia aspera Teijsm. & Binn.","New Guinea","5291",NA,NA,NA,NA,NA,NA
"2514214744","Aglaia aspera Teijsm. & Binn.",-7.18333,146.65,"","15f819bd-6612-4447-854b-14d12ee1022d","396d5f30-dea9-11db-8ab4-b8a03c50a862","17abcf75-2f1e-46dd-bf75-a5b21dd02655","65eb93af-41b8-4917-a5fc-cfe2a45aa4bf","396d5f30-dea9-11db-8ab4-b8a03c50a862","NL","DWC_ARCHIVE","2024-11-01T08:50:07.799+00:00","2024-11-01T10:27:04.890+00:00",274,"PRESERVED_SPECIMEN","PRESENT",5597954,6,7707728,220,933,2397,3190479,5597979,5597979,"Aglaia sexipetala Griff.","Plantae","Tracheophyta","Sapindales","Meliaceae","Aglaia","Aglaia sexipetala","Aglaia","aspera","SPECIES","SYNONYM","NE","OCEANIA",1964,1,21,"1964-01-21",21,21,"2024-11-01T10:27:04.890+00:00","http://creativecommons.org/publicdomain/zero/1.0/legalcode",FALSE,"L.2134309@BRAHMS","none","none","0e919a55-08d3-4bd2-aec1-200858fafd92","0add23db-a8f7-4d15-95ad-4ed0c5c8a055",FALSE,"Pennington TD","WGS84","Magnoliopsida","PG","none","none","OCEANIA","Papua New Guinea","EUROPE","Naturalis Biodiversity Center","Pennington, TD 8079","L.2134309@BRAHMS","L.2134309","ICN","https://ror.org/0566bfb96","New Guinea. Crooked Creek, nr Bulolo.","Botany","2514214744","https://data.biodiversitydata.nl/naturalis/specimen/L.2134309","Plantae|Sapindales|Meliaceae","Aglaia aspera Teijsm. & Binn.","New Guinea",NA,NA,NA,NA,NA,NA,NA
"2515794026","Aglaia aspera Teijsm. & Binn.",1.71667,109.81667,"","15f819bd-6612-4447-854b-14d12ee1022d","396d5f30-dea9-11db-8ab4-b8a03c50a862","17abcf75-2f1e-46dd-bf75-a5b21dd02655","65eb93af-41b8-4917-a5fc-cfe2a45aa4bf","396d5f30-dea9-11db-8ab4-b8a03c50a862","NL","DWC_ARCHIVE","2024-11-01T08:50:07.799+00:00","2024-11-01T10:27:05.447+00:00",274,"PRESERVED_SPECIMEN","PRESENT",5597954,6,7707728,220,933,2397,3190479,5597979,5597979,"Aglaia sexipetala Griff.","Plantae","Tracheophyta","Sapindales","Meliaceae","Aglaia","Aglaia sexipetala","Aglaia","aspera","SPECIES","SYNONYM","NE","ASIA",1963,11,16,"1963-11-16",320,320,"2024-11-01T10:27:05.447+00:00","http://creativecommons.org/publicdomain/zero/1.0/legalcode",FALSE,"L.2134352@BRAHMS","none","none","0e919a55-08d3-4bd2-aec1-200858fafd92","0add23db-a8f7-4d15-95ad-4ed0c5c8a055",FALSE,"Pennington TD","WGS84","Magnoliopsida","MY","none","none","ASIA","Malaysia","EUROPE","Naturalis Biodiversity Center","Pennington, TD 7981","L.2134352@BRAHMS","L.2134352","ICN","https://ror.org/0566bfb96","Foot of  Perong Periggi, Lundu. 1st diviison","Botany","2515794026","https://data.biodiversitydata.nl/naturalis/specimen/L.2134352","Plantae|Sapindales|Meliaceae","Aglaia aspera Teijsm. & Binn.","Borneo","L  0563171","45.0 m","1989-04-01T00:00:00","Pannell CM","High forest.",NA,NA
"2514254751","Aglaia aspera Teijsm. & Binn.",2.16667,113.11667,"","15f819bd-6612-4447-854b-14d12ee1022d","396d5f30-dea9-11db-8ab4-b8a03c50a862","17abcf75-2f1e-46dd-bf75-a5b21dd02655","65eb93af-41b8-4917-a5fc-cfe2a45aa4bf","396d5f30-dea9-11db-8ab4-b8a03c50a862","NL","DWC_ARCHIVE","2024-11-01T08:50:07.799+00:00","2024-11-01T10:27:04.598+00:00",274,"PRESERVED_SPECIMEN","PRESENT",5597954,6,7707728,220,933,2397,3190479,5597979,5597979,"Aglaia sexipetala Griff.","Plantae","Tracheophyta","Sapindales","Meliaceae","Aglaia","Aglaia sexipetala","Aglaia","aspera","SPECIES","SYNONYM","NE","ASIA",1963,11,27,"1963-11-27",331,331,"2024-11-01T10:27:04.598+00:00","http://creativecommons.org/publicdomain/zero/1.0/legalcode",FALSE,"L.2134361@BRAHMS","none","none","0e919a55-08d3-4bd2-aec1-200858fafd92","0add23db-a8f7-4d15-95ad-4ed0c5c8a055",FALSE,"Pennington TD","WGS84","Magnoliopsida","MY","none","none","ASIA","Malaysia","EUROPE","Naturalis Biodiversity Center","Pennington, TD 7999","L.2134361@BRAHMS","L.2134361","ICN","https://ror.org/0566bfb96","Bukit Raya, 2 hrs upstream from Kapit. 3rd division","Botany","2514254751","https://data.biodiversitydata.nl/naturalis/specimen/L.2134361","Plantae|Sapindales|Meliaceae","Aglaia aspera Teijsm. & Binn.","Borneo","L  0563163","213.0 m","1989-04-12T00:00:00","Pannell CM","Steeply sloping hill forest.",NA,NA
"2514266707","Aglaia aspera Teijsm. & Binn.",4.3,118.16667,"","15f819bd-6612-4447-854b-14d12ee1022d","396d5f30-dea9-11db-8ab4-b8a03c50a862","17abcf75-2f1e-46dd-bf75-a5b21dd02655","65eb93af-41b8-4917-a5fc-cfe2a45aa4bf","396d5f30-dea9-11db-8ab4-b8a03c50a862","NL","DWC_ARCHIVE","2024-11-01T08:50:07.799+00:00","2024-11-01T10:27:05.447+00:00",274,"PRESERVED_SPECIMEN","PRESENT",5597954,6,7707728,220,933,2397,3190479,5597979,5597979,"Aglaia sexipetala Griff.","Plantae","Tracheophyta","Sapindales","Meliaceae","Aglaia","Aglaia sexipetala","Aglaia","aspera","SPECIES","SYNONYM","NE","ASIA",1962,4,27,"1962-04-27",117,117,"2024-11-01T10:27:05.447+00:00","http://creativecommons.org/publicdomain/zero/1.0/legalcode",FALSE,"L.2134354@BRAHMS","none","none","0e919a55-08d3-4bd2-aec1-200858fafd92","0add23db-a8f7-4d15-95ad-4ed0c5c8a055",FALSE,"Gibot A","WGS84","Magnoliopsida","MY","none","none","ASIA","Malaysia","EUROPE","Naturalis Biodiversity Center","Gibot, A SAN 29631","L.2134354@BRAHMS","L.2134354","ICN","https://ror.org/0566bfb96","Ulu Balong forest. Tawau distr.","Botany","2514266707","https://data.biodiversitydata.nl/naturalis/specimen/L.2134354","Plantae|Sapindales|Meliaceae","Aglaia aspera Teijsm. & Binn.","Borneo","L  0563169","548.0 m","1989-04-01T00:00:00","Pannell CM","Primary forest",NA,NA
"2515789099","Aglaia aspera Teijsm. & Binn.",-7.16667,146.66667,"","15f819bd-6612-4447-854b-14d12ee1022d","396d5f30-dea9-11db-8ab4-b8a03c50a862","17abcf75-2f1e-46dd-bf75-a5b21dd02655","65eb93af-41b8-4917-a5fc-cfe2a45aa4bf","396d5f30-dea9-11db-8ab4-b8a03c50a862","NL","DWC_ARCHIVE","2024-11-01T08:50:07.799+00:00","2024-11-01T10:27:05.446+00:00",274,"PRESERVED_SPECIMEN","PRESENT",5597954,6,7707728,220,933,2397,3190479,5597979,5597979,"Aglaia sexipetala Griff.","Plantae","Tracheophyta","Sapindales","Meliaceae","Aglaia","Aglaia sexipetala","Aglaia","aspera","SPECIES","SYNONYM","NE","OCEANIA",1962,NA,NA,"1962-01-01/1962-12-31",1,365,"2024-11-01T10:27:05.446+00:00","http://creativecommons.org/publicdomain/zero/1.0/legalcode",FALSE,"L.2134316@BRAHMS","none","none","0e919a55-08d3-4bd2-aec1-200858fafd92","0add23db-a8f7-4d15-95ad-4ed0c5c8a055",FALSE,"Crompton AP","WGS84","Magnoliopsida","PG","none","none","OCEANIA","Papua New Guinea","EUROPE","Naturalis Biodiversity Center","Crompton, AP NGF 21022","L.2134316@BRAHMS","L.2134316","ICN","https://ror.org/0566bfb96","New Guinea. Crooked Creek, Bulolo, Morobe District, T.N.G. Araucaria rain forest. N.E. aspect.","Botany","2515789099","https://data.biodiversitydata.nl/naturalis/specimen/L.2134316","Plantae|Sapindales|Meliaceae","Aglaia aspera Teijsm. & Binn.",NA,NA,NA,NA,NA,NA,NA,NA
"2514221746","Aglaia aspera Teijsm. & Binn.",0.95,110.75,"","15f819bd-6612-4447-854b-14d12ee1022d","396d5f30-dea9-11db-8ab4-b8a03c50a862","17abcf75-2f1e-46dd-bf75-a5b21dd02655","65eb93af-41b8-4917-a5fc-cfe2a45aa4bf","396d5f30-dea9-11db-8ab4-b8a03c50a862","NL","DWC_ARCHIVE","2024-11-01T08:50:07.799+00:00","2024-11-01T10:27:04.443+00:00",274,"PRESERVED_SPECIMEN","PRESENT",5597954,6,7707728,220,933,2397,3190479,5597979,5597979,"Aglaia sexipetala Griff.","Plantae","Tracheophyta","Sapindales","Meliaceae","Aglaia","Aglaia sexipetala","Aglaia","aspera","SPECIES","SYNONYM","NE","ASIA",1961,3,23,"1961-03-23",82,82,"2024-11-01T10:27:04.443+00:00","http://creativecommons.org/publicdomain/zero/1.0/legalcode",FALSE,"L.2134360@BRAHMS","none","none","0e919a55-08d3-4bd2-aec1-200858fafd92","0add23db-a8f7-4d15-95ad-4ed0c5c8a055",FALSE,"Muas A","WGS84","Magnoliopsida","MY","none","none","ASIA","Malaysia","EUROPE","Naturalis Biodiversity Center","Muas, A S 13374","L.2134360@BRAHMS","L.2134360","ICN","https://ror.org/0566bfb96","Serian, Balai Ringin F.R. Serian distr,.","Botany","2514221746","https://data.biodiversitydata.nl/naturalis/specimen/L.2134360","Plantae|Sapindales|Meliaceae","Aglaia aspera Teijsm. & Binn.","Borneo","L  0563164","152.0 m","1989-04-12T00:00:00","Pannell CM",NA,NA,NA
"2513241597","Aglaia aspera Teijsm. & Binn.",-3.1167,101.95,"","15f819bd-6612-4447-854b-14d12ee1022d","396d5f30-dea9-11db-8ab4-b8a03c50a862","17abcf75-2f1e-46dd-bf75-a5b21dd02655","65eb93af-41b8-4917-a5fc-cfe2a45aa4bf","396d5f30-dea9-11db-8ab4-b8a03c50a862","NL","DWC_ARCHIVE","2024-11-01T08:50:07.799+00:00","2024-11-01T10:28:05.347+00:00",274,"PRESERVED_SPECIMEN","PRESENT",5597954,6,7707728,220,933,2397,3190479,5597979,5597979,"Aglaia sexipetala Griff.","Plantae","Tracheophyta","Sapindales","Meliaceae","Aglaia","Aglaia sexipetala","Aglaia","aspera","SPECIES","SYNONYM","NE","ASIA",1955,6,2,"1955-06-02",153,153,"2024-11-01T10:28:05.347+00:00","http://creativecommons.org/publicdomain/zero/1.0/legalcode",FALSE,"L  0537043@BRAHMS","none","none","0e919a55-08d3-4bd2-aec1-200858fafd92","0add23db-a8f7-4d15-95ad-4ed0c5c8a055",FALSE,"Meijer","WGS84","Magnoliopsida","ID","none","none","ASIA","Indonesia","EUROPE","Naturalis Biodiversity Center","Meijer 3387","L  0537043@BRAHMS","L  0537043","ICN","https://ror.org/0566bfb96","Mt. Sago","Botany","2513241597","https://data.biodiversitydata.nl/naturalis/specimen/L%20%200537043","Plantae|Sapindales|Meliaceae","Aglaia aspera Teijsm. & Binn.","Sumatra","13138","0.0 m",NA,NA,NA,NA,NA
"2515794133","Aglaia aspera Teijsm. & Binn.",-3.1167,101.95,"","15f819bd-6612-4447-854b-14d12ee1022d","396d5f30-dea9-11db-8ab4-b8a03c50a862","17abcf75-2f1e-46dd-bf75-a5b21dd02655","65eb93af-41b8-4917-a5fc-cfe2a45aa4bf","396d5f30-dea9-11db-8ab4-b8a03c50a862","NL","DWC_ARCHIVE","2024-11-01T08:50:07.799+00:00","2024-11-01T10:28:39.859+00:00",274,"PRESERVED_SPECIMEN","PRESENT",5597954,6,7707728,220,933,2397,3190479,5597979,5597979,"Aglaia sexipetala Griff.","Plantae","Tracheophyta","Sapindales","Meliaceae","Aglaia","Aglaia sexipetala","Aglaia","aspera","SPECIES","SYNONYM","NE","ASIA",1955,6,2,"1955-06-02",153,153,"2024-11-01T10:28:39.859+00:00","http://creativecommons.org/publicdomain/zero/1.0/legalcode",FALSE,"L.2134052@BRAHMS","none","none","0e919a55-08d3-4bd2-aec1-200858fafd92","0add23db-a8f7-4d15-95ad-4ed0c5c8a055",FALSE,"Meijer W","WGS84","Magnoliopsida","ID","none","none","ASIA","Indonesia","EUROPE","Naturalis Biodiversity Center","Meijer, W 3387","L.2134052@BRAHMS","L.2134052","ICN","https://ror.org/0566bfb96","Indonesia, Sumatra Barat, Mt. Sago","Botany","2515794133","https://data.biodiversitydata.nl/naturalis/specimen/L.2134052","Plantae|Sapindales|Meliaceae","Aglaia aspera Teijsm. & Binn.","Sumatra","L  0905913","1000.0 m","1989-09-11T00:00:00","Pannell CM",NA,NA,NA
